,date,season,league_name,country,home_team,home_team_score,away_team_score,away_team,match_status
0,2023-08-04,2023,Championship,England,Sheffield Wednesday,1,2,Southampton,Match Finished
1,2023-08-05,2023,Championship,England,Blackburn,2,1,West Brom,Match Finished
2,2023-08-05,2023,Championship,England,Bristol City,1,1,Preston,Match Finished
3,2023-08-05,2023,Championship,England,Middlesbrough,0,1,Millwall,Match Finished
4,2023-08-05,2023,Championship,England,Norwich,2,1,Hull City,Match Finished
5,2023-08-05,2023,Championship,England,Plymouth,3,1,Huddersfield,Match Finished
6,2023-08-05,2023,Championship,England,Stoke City,4,1,Rotherham,Match Finished
7,2023-08-05,2023,Championship,England,Swansea,1,1,Birmingham,Match Finished
8,2023-08-05,2023,Championship,England,Watford,4,0,QPR,Match Finished
9,2023-08-06,2023,Championship,England,Leicester,2,1,Coventry,Match Finished
10,2023-08-06,2023,Championship,England,Leeds,2,2,Cardiff,Match Finished
11,2023-08-06,2023,Championship,England,Sunderland,1,2,Ipswich,Match Finished
12,2023-08-12,2023,Championship,England,Coventry,3,0,Middlesbrough,Match Finished
13,2023-08-12,2023,Championship,England,Birmingham,1,0,Leeds,Match Finished
14,2023-08-12,2023,Championship,England,Cardiff,1,2,QPR,Match Finished
15,2023-08-12,2023,Championship,England,Huddersfield,0,1,Leicester,Match Finished
16,2023-08-12,2023,Championship,England,Hull City,4,2,Sheffield Wednesday,Match Finished
17,2023-08-12,2023,Championship,England,Ipswich,2,0,Stoke City,Match Finished
18,2023-08-12,2023,Championship,England,Millwall,0,1,Bristol City,Match Finished
19,2023-08-12,2023,Championship,England,Preston,2,1,Sunderland,Match Finished
20,2023-08-12,2023,Championship,England,Rotherham,2,2,Blackburn,Match Finished
21,2023-08-12,2023,Championship,England,Southampton,4,4,Norwich,Match Finished
22,2023-08-12,2023,Championship,England,Watford,0,0,Plymouth,Match Finished
23,2023-08-12,2023,Championship,England,West Brom,3,2,Swansea,Match Finished
24,2023-08-18,2023,Championship,England,Leeds,1,1,West Brom,Match Finished
25,2023-08-19,2023,Championship,England,Plymouth,1,2,Southampton,Match Finished
26,2023-08-19,2023,Championship,England,Blackburn,1,2,Hull City,Match Finished
27,2023-08-19,2023,Championship,England,Bristol City,0,2,Birmingham,Match Finished
28,2023-08-19,2023,Championship,England,Leicester,2,1,Cardiff,Match Finished
29,2023-08-19,2023,Championship,England,Middlesbrough,1,1,Huddersfield,Match Finished
30,2023-08-19,2023,Championship,England,QPR,0,1,Ipswich,Match Finished
31,2023-08-19,2023,Championship,England,Sheffield Wednesday,0,1,Preston,Match Finished
32,2023-08-19,2023,Championship,England,Stoke City,1,0,Watford,Match Finished
33,2023-08-19,2023,Championship,England,Sunderland,2,1,Rotherham,Match Finished
34,2023-08-19,2023,Championship,England,Swansea,1,1,Coventry,Match Finished
35,2023-08-20,2023,Championship,England,Norwich,3,1,Millwall,Match Finished
36,2023-08-25,2023,Championship,England,Hull City,1,1,Bristol City,Match Finished
37,2023-08-26,2023,Championship,England,Birmingham,2,1,Plymouth,Match Finished
38,2023-08-26,2023,Championship,England,Cardiff,2,1,Sheffield Wednesday,Match Finished
39,2023-08-26,2023,Championship,England,Coventry,0,0,Sunderland,Match Finished
40,2023-08-26,2023,Championship,England,Huddersfield,0,4,Norwich,Match Finished
41,2023-08-26,2023,Championship,England,Ipswich,3,4,Leeds,Match Finished
42,2023-08-26,2023,Championship,England,Millwall,1,0,Stoke City,Match Finished
43,2023-08-26,2023,Championship,England,Preston,2,1,Swansea,Match Finished
44,2023-08-26,2023,Championship,England,Rotherham,1,2,Leicester,Match Finished
45,2023-08-26,2023,Championship,England,Southampton,2,1,QPR,Match Finished
46,2023-08-27,2023,Championship,England,Watford,0,1,Blackburn,Match Finished
47,2023-08-26,2023,Championship,England,West Brom,4,2,Middlesbrough,Match Finished
48,2023-09-02,2023,Championship,England,Birmingham,1,1,Millwall,Match Finished
49,2023-09-02,2023,Championship,England,Coventry,3,3,Watford,Match Finished
50,2023-09-02,2023,Championship,England,Ipswich,3,2,Cardiff,Match Finished
51,2023-09-02,2023,Championship,England,Leeds,0,0,Sheffield Wednesday,Match Finished
52,2023-09-02,2023,Championship,England,Leicester,0,1,Hull City,Match Finished
53,2023-09-02,2023,Championship,England,Middlesbrough,0,2,QPR,Match Finished
54,2023-09-02,2023,Championship,England,Plymouth,3,0,Blackburn,Match Finished
55,2023-09-02,2023,Championship,England,Rotherham,2,1,Norwich,Match Finished
56,2023-09-02,2023,Championship,England,Stoke City,0,2,Preston,Match Finished
57,2023-09-02,2023,Championship,England,Sunderland,5,0,Southampton,Match Finished
58,2023-09-02,2023,Championship,England,Swansea,1,2,Bristol City,Match Finished
59,2023-09-02,2023,Championship,England,West Brom,1,2,Huddersfield,Match Finished
60,2023-09-15,2023,Championship,England,Hull City,1,1,Coventry,Match Finished
61,2023-09-16,2023,Championship,England,Blackburn,2,1,Middlesbrough,Match Finished
62,2023-09-16,2023,Championship,England,Bristol City,0,0,West Brom,Match Finished
63,2023-09-16,2023,Championship,England,Cardiff,2,0,Swansea,Match Finished
64,2023-09-16,2023,Championship,England,Huddersfield,2,0,Rotherham,Match Finished
65,2023-09-17,2023,Championship,England,Millwall,0,3,Leeds,Match Finished
66,2023-09-16,2023,Championship,England,Norwich,1,0,Stoke City,Match Finished
67,2023-09-16,2023,Championship,England,Preston,2,1,Plymouth,Match Finished
68,2023-09-16,2023,Championship,England,QPR,1,3,Sunderland,Match Finished
69,2023-09-16,2023,Championship,England,Sheffield Wednesday,0,1,Ipswich,Match Finished
70,2023-09-15,2023,Championship,England,Southampton,1,4,Leicester,Match Finished
71,2023-09-16,2023,Championship,England,Watford,2,0,Birmingham,Match Finished
72,2023-09-19,2023,Championship,England,Bristol City,4,1,Plymouth,Match Finished
73,2023-09-19,2023,Championship,England,Cardiff,3,2,Coventry,Match Finished
74,2023-09-19,2023,Championship,England,Preston,2,1,Birmingham,Match Finished
75,2023-09-19,2023,Championship,England,QPR,1,1,Swansea,Match Finished
76,2023-09-19,2023,Championship,England,Sheffield Wednesday,1,1,Middlesbrough,Match Finished
77,2023-09-19,2023,Championship,England,Southampton,0,1,Ipswich,Match Finished
78,2023-09-20,2023,Championship,England,Blackburn,1,3,Sunderland,Match Finished
79,2023-09-20,2023,Championship,England,Huddersfield,2,2,Stoke City,Match Finished
80,2023-09-20,2023,Championship,England,Hull City,0,0,Leeds,Match Finished
81,2023-09-20,2023,Championship,England,Millwall,3,0,Rotherham,Match Finished
82,2023-09-20,2023,Championship,England,Norwich,0,2,Leicester,Match Finished
83,2023-09-20,2023,Championship,England,Watford,2,2,West Brom,Match Finished
84,2023-09-22,2023,Championship,England,Birmingham,0,0,QPR,Match Finished
85,2023-09-25,2023,Championship,England,Coventry,1,1,Huddersfield,Match Finished
86,2023-09-23,2023,Championship,England,Ipswich,4,3,Blackburn,Match Finished
87,2023-09-23,2023,Championship,England,Leeds,3,0,Watford,Match Finished
88,2023-09-23,2023,Championship,England,Leicester,1,0,Bristol City,Match Finished
89,2023-09-23,2023,Championship,England,Middlesbrough,2,1,Southampton,Match Finished
90,2023-09-23,2023,Championship,England,Plymouth,6,2,Norwich,Match Finished
91,2023-09-23,2023,Championship,England,Rotherham,1,1,Preston,Match Finished
92,2023-09-24,2023,Championship,England,Stoke City,1,3,Hull City,Match Finished
93,2023-09-24,2023,Championship,England,Sunderland,0,1,Cardiff,Match Finished
94,2023-09-23,2023,Championship,England,Swansea,3,0,Sheffield Wednesday,Match Finished
95,2023-09-23,2023,Championship,England,West Brom,0,0,Millwall,Match Finished
96,2023-10-01,2023,Championship,England,Blackburn,1,4,Leicester,Match Finished
97,2023-09-30,2023,Championship,England,Bristol City,2,3,Stoke City,Match Finished
98,2023-09-30,2023,Championship,England,Cardiff,2,0,Rotherham,Match Finished
99,2023-09-30,2023,Championship,England,Huddersfield,1,1,Ipswich,Match Finished
100,2023-09-30,2023,Championship,England,Hull City,1,1,Plymouth,Match Finished
101,2023-09-30,2023,Championship,England,Millwall,0,3,Swansea,Match Finished
102,2023-09-30,2023,Championship,England,Norwich,2,0,Birmingham,Match Finished
103,2023-09-30,2023,Championship,England,Preston,0,4,West Brom,Match Finished
104,2023-09-30,2023,Championship,England,QPR,1,3,Coventry,Match Finished
105,2023-09-29,2023,Championship,England,Sheffield Wednesday,0,3,Sunderland,Match Finished
106,2023-09-30,2023,Championship,England,Southampton,3,1,Leeds,Match Finished
107,2023-09-30,2023,Championship,England,Watford,2,3,Middlesbrough,Match Finished
108,2023-10-03,2023,Championship,England,Birmingham,4,1,Huddersfield,Match Finished
109,2023-10-03,2023,Championship,England,Ipswich,3,0,Hull City,Match Finished
110,2023-10-03,2023,Championship,England,Middlesbrough,2,0,Cardiff,Match Finished
111,2023-10-03,2023,Championship,England,Plymouth,0,2,Millwall,Match Finished
112,2023-10-03,2023,Championship,England,Stoke City,0,1,Southampton,Match Finished
113,2023-10-03,2023,Championship,England,West Brom,1,0,Sheffield Wednesday,Match Finished
114,2023-10-04,2023,Championship,England,Coventry,1,0,Blackburn,Match Finished
115,2023-10-04,2023,Championship,England,Leeds,1,0,QPR,Match Finished
116,2023-10-04,2023,Championship,England,Leicester,3,0,Preston,Match Finished
117,2023-10-04,2023,Championship,England,Rotherham,1,2,Bristol City,Match Finished
118,2023-10-04,2023,Championship,England,Sunderland,2,0,Watford,Match Finished
119,2023-10-04,2023,Championship,England,Swansea,2,1,Norwich,Match Finished
120,2023-10-06,2023,Championship,England,Birmingham,3,1,West Brom,Match Finished
121,2023-10-07,2023,Championship,England,Coventry,1,1,Norwich,Match Finished
122,2023-10-07,2023,Championship,England,Ipswich,4,2,Preston,Match Finished
123,2023-10-07,2023,Championship,England,Leeds,2,1,Bristol City,Match Finished
124,2023-10-07,2023,Championship,England,Leicester,2,0,Stoke City,Match Finished
125,2023-10-07,2023,Championship,England,Millwall,2,2,Hull City,Match Finished
126,2023-10-07,2023,Championship,England,Plymouth,1,3,Swansea,Match Finished
127,2023-10-07,2023,Championship,England,QPR,0,4,Blackburn,Match Finished
128,2023-10-07,2023,Championship,England,Sheffield Wednesday,0,0,Huddersfield,Match Finished
129,2023-10-07,2023,Championship,England,Southampton,1,1,Rotherham,Match Finished
130,2023-10-07,2023,Championship,England,Sunderland,0,4,Middlesbrough,Match Finished
131,2023-10-21,2023,Championship,England,Blackburn,1,0,Cardiff,Match Finished
132,2023-10-21,2023,Championship,England,Bristol City,1,0,Coventry,Match Finished
133,2023-10-21,2023,Championship,England,Huddersfield,2,1,QPR,Match Finished
134,2023-10-21,2023,Championship,England,Hull City,1,2,Southampton,Match Finished
135,2023-10-21,2023,Championship,England,Middlesbrough,1,0,Birmingham,Match Finished
136,2023-10-21,2023,Championship,England,Norwich,2,3,Leeds,Match Finished
137,2023-10-21,2023,Championship,England,Preston,1,1,Millwall,Match Finished
138,2023-11-07,2023,Championship,England,Rotherham,2,2,Ipswich,Match Finished
139,2023-10-21,2023,Championship,England,Stoke City,2,1,Sunderland,Match Finished
140,2023-10-21,2023,Championship,England,Swansea,1,3,Leicester,Match Finished
141,2023-10-21,2023,Championship,England,Watford,1,0,Sheffield Wednesday,Match Finished
142,2023-10-21,2023,Championship,England,West Brom,0,0,Plymouth,Match Finished
143,2023-10-24,2023,Championship,England,Huddersfield,0,4,Cardiff,Match Finished
144,2023-10-24,2023,Championship,England,Leicester,1,0,Sunderland,Match Finished
145,2023-10-24,2023,Championship,England,Millwall,1,2,Blackburn,Match Finished
146,2023-10-24,2023,Championship,England,Norwich,1,2,Middlesbrough,Match Finished
147,2023-10-24,2023,Championship,England,Swansea,0,1,Watford,Match Finished
148,2023-10-24,2023,Championship,England,West Brom,2,0,QPR,Match Finished
149,2023-10-25,2023,Championship,England,Birmingham,0,2,Hull City,Match Finished
150,2023-10-25,2023,Championship,England,Bristol City,0,1,Ipswich,Match Finished
151,2023-10-25,2023,Championship,England,Plymouth,3,0,Sheffield Wednesday,Match Finished
152,2023-10-25,2023,Championship,England,Preston,2,2,Southampton,Match Finished
153,2023-10-25,2023,Championship,England,Rotherham,2,0,Coventry,Match Finished
154,2023-10-25,2023,Championship,England,Stoke City,1,0,Leeds,Match Finished
155,2023-10-28,2023,Championship,England,Leeds,4,1,Huddersfield,Match Finished
156,2023-10-28,2023,Championship,England,Blackburn,0,1,Swansea,Match Finished
157,2023-10-28,2023,Championship,England,Cardiff,2,0,Bristol City,Match Finished
158,2023-10-30,2023,Championship,England,Coventry,0,2,West Brom,Match Finished
159,2023-10-28,2023,Championship,England,Hull City,1,0,Preston,Match Finished
160,2023-10-28,2023,Championship,England,Ipswich,3,2,Plymouth,Match Finished
161,2023-10-28,2023,Championship,England,Middlesbrough,0,2,Stoke City,Match Finished
162,2023-10-28,2023,Championship,England,QPR,1,2,Leicester,Match Finished
163,2023-10-29,2023,Championship,England,Sheffield Wednesday,2,0,Rotherham,Match Finished
164,2023-10-28,2023,Championship,England,Southampton,3,1,Birmingham,Match Finished
165,2023-10-28,2023,Championship,England,Sunderland,3,1,Norwich,Match Finished
166,2023-10-28,2023,Championship,England,Watford,2,2,Millwall,Match Finished
167,2023-11-04,2023,Championship,England,Birmingham,2,2,Ipswich,Match Finished
168,2023-11-04,2023,Championship,England,Bristol City,1,0,Sheffield Wednesday,Match Finished
169,2023-11-04,2023,Championship,England,Huddersfield,0,0,Watford,Match Finished
170,2023-11-03,2023,Championship,England,Leicester,0,1,Leeds,Match Finished
171,2023-11-04,2023,Championship,England,Millwall,0,1,Southampton,Match Finished
172,2023-11-05,2023,Championship,England,Norwich,1,3,Blackburn,Match Finished
173,2023-11-04,2023,Championship,England,Plymouth,3,3,Middlesbrough,Match Finished
174,2023-11-04,2023,Championship,England,Preston,3,2,Coventry,Match Finished
175,2023-11-04,2023,Championship,England,Rotherham,1,1,QPR,Match Finished
176,2023-11-04,2023,Championship,England,Stoke City,0,0,Cardiff,Match Finished
177,2023-11-04,2023,Championship,England,Swansea,0,0,Sunderland,Match Finished
178,2023-11-04,2023,Championship,England,West Brom,3,1,Hull City,Match Finished
179,2023-11-10,2023,Championship,England,Blackburn,1,2,Preston,Match Finished
180,2023-11-11,2023,Championship,England,Cardiff,2,3,Norwich,Match Finished
181,2023-11-11,2023,Championship,England,Coventry,0,0,Stoke City,Match Finished
182,2023-11-11,2023,Championship,England,Hull City,1,0,Huddersfield,Match Finished
183,2023-11-11,2023,Championship,England,Ipswich,3,2,Swansea,Match Finished
184,2023-11-11,2023,Championship,England,Leeds,2,1,Plymouth,Match Finished
185,2023-11-11,2023,Championship,England,Middlesbrough,1,0,Leicester,Match Finished
186,2023-11-11,2023,Championship,England,QPR,0,0,Bristol City,Match Finished
187,2023-11-11,2023,Championship,England,Sheffield Wednesday,0,4,Millwall,Match Finished
188,2023-11-11,2023,Championship,England,Southampton,2,1,West Brom,Match Finished
189,2023-11-11,2023,Championship,England,Sunderland,3,1,Birmingham,Match Finished
190,2023-11-11,2023,Championship,England,Watford,5,0,Rotherham,Match Finished
191,2023-11-25,2023,Championship,England,Birmingham,2,1,Sheffield Wednesday,Match Finished
192,2023-11-25,2023,Championship,England,Bristol City,3,2,Middlesbrough,Match Finished
193,2023-11-25,2023,Championship,England,Huddersfield,1,1,Southampton,Match Finished
194,2023-11-25,2023,Championship,England,Leicester,2,0,Watford,Match Finished
195,2023-11-25,2023,Championship,England,Millwall,0,3,Coventry,Match Finished
196,2023-11-25,2023,Championship,England,Norwich,1,0,QPR,Match Finished
197,2023-11-25,2023,Championship,England,Plymouth,2,0,Sunderland,Match Finished
198,2023-11-25,2023,Championship,England,Preston,1,2,Cardiff,Match Finished
199,2023-11-24,2023,Championship,England,Rotherham,1,1,Leeds,Match Finished
200,2023-11-25,2023,Championship,England,Stoke City,0,3,Blackburn,Match Finished
201,2023-11-25,2023,Championship,England,Swansea,2,2,Hull City,Match Finished
202,2023-11-25,2023,Championship,England,West Brom,2,0,Ipswich,Match Finished
203,2023-11-28,2023,Championship,England,Cardiff,0,1,West Brom,Match Finished
204,2023-11-28,2023,Championship,England,Coventry,1,0,Plymouth,Match Finished
205,2023-11-28,2023,Championship,England,Hull City,4,1,Rotherham,Match Finished
206,2023-11-28,2023,Championship,England,Middlesbrough,4,0,Preston,Match Finished
207,2023-11-28,2023,Championship,England,QPR,4,2,Stoke City,Match Finished
208,2023-11-28,2023,Championship,England,Watford,3,2,Norwich,Match Finished
209,2023-11-29,2023,Championship,England,Blackburn,4,2,Birmingham,Match Finished
210,2023-11-29,2023,Championship,England,Ipswich,3,1,Millwall,Match Finished
211,2023-11-29,2023,Championship,England,Leeds,3,1,Swansea,Match Finished
212,2023-11-29,2023,Championship,England,Sheffield Wednesday,1,1,Leicester,Match Finished
213,2023-11-29,2023,Championship,England,Southampton,1,0,Bristol City,Match Finished
214,2023-11-29,2023,Championship,England,Sunderland,1,2,Huddersfield,Match Finished
215,2023-12-02,2023,Championship,England,Birmingham,0,0,Rotherham,Match Finished
216,2023-12-02,2023,Championship,England,Hull City,1,2,Watford,Match Finished
217,2023-12-02,2023,Championship,England,Ipswich,2,1,Coventry,Match Finished
218,2023-12-02,2023,Championship,England,Leeds,3,2,Middlesbrough,Match Finished
219,2023-12-02,2023,Championship,England,Millwall,1,1,Sunderland,Match Finished
220,2023-12-02,2023,Championship,England,Plymouth,2,1,Stoke City,Match Finished
221,2023-12-01,2023,Championship,England,Preston,0,2,QPR,Match Finished
222,2023-12-02,2023,Championship,England,Sheffield Wednesday,3,1,Blackburn,Match Finished
223,2023-12-02,2023,Championship,England,Southampton,2,0,Cardiff,Match Finished
224,2023-12-02,2023,Championship,England,Swansea,1,1,Huddersfield,Match Finished
225,2023-12-02,2023,Championship,England,West Brom,1,2,Leicester,Match Finished
226,2023-12-03,2023,Championship,England,Bristol City,1,2,Norwich,Match Finished
227,2023-12-09,2023,Championship,England,Blackburn,0,2,Leeds,Match Finished
228,2023-12-09,2023,Championship,England,Cardiff,1,0,Millwall,Match Finished
229,2023-12-08,2023,Championship,England,Coventry,2,0,Birmingham,Match Finished
230,2023-12-09,2023,Championship,England,Huddersfield,1,1,Bristol City,Match Finished
231,2023-12-09,2023,Championship,England,Leicester,4,0,Plymouth,Match Finished
232,2023-12-09,2023,Championship,England,Middlesbrough,0,2,Ipswich,Match Finished
233,2023-12-09,2023,Championship,England,Norwich,0,0,Preston,Match Finished
234,2023-12-09,2023,Championship,England,QPR,2,0,Hull City,Match Finished
235,2023-12-09,2023,Championship,England,Rotherham,1,2,Swansea,Match Finished
236,2023-12-09,2023,Championship,England,Stoke City,0,1,Sheffield Wednesday,Match Finished
237,2023-12-09,2023,Championship,England,Sunderland,2,1,West Brom,Match Finished
238,2023-12-09,2023,Championship,England,Watford,1,1,Southampton,Match Finished
239,2023-12-12,2023,Championship,England,Blackburn,2,1,Bristol City,Match Finished
240,2023-12-12,2023,Championship,England,Huddersfield,1,3,Preston,Match Finished
241,2023-12-12,2023,Championship,England,Rotherham,0,2,West Brom,Match Finished
242,2023-12-12,2023,Championship,England,Stoke City,1,1,Swansea,Match Finished
243,2023-12-12,2023,Championship,England,Sunderland,1,0,Leeds,Match Finished
244,2023-12-12,2023,Championship,England,Watford,1,2,Ipswich,Match Finished
245,2023-12-13,2023,Championship,England,Cardiff,0,1,Birmingham,Match Finished
246,2023-12-13,2023,Championship,England,Coventry,1,1,Southampton,Match Finished
247,2023-12-13,2023,Championship,England,Leicester,3,2,Millwall,Match Finished
248,2023-12-13,2023,Championship,England,Middlesbrough,1,2,Hull City,Match Finished
249,2023-12-13,2023,Championship,England,Norwich,3,1,Sheffield Wednesday,Match Finished
250,2023-12-13,2023,Championship,England,QPR,0,0,Plymouth,Match Finished
251,2023-12-18,2023,Championship,England,Birmingham,2,3,Leicester,Match Finished
252,2023-12-16,2023,Championship,England,Bristol City,1,0,Sunderland,Match Finished
253,2023-12-16,2023,Championship,England,Hull City,3,0,Cardiff,Match Finished
254,2023-12-16,2023,Championship,England,Ipswich,2,2,Norwich,Match Finished
255,2023-12-16,2023,Championship,England,Leeds,1,1,Coventry,Match Finished
256,2023-12-16,2023,Championship,England,Millwall,1,1,Huddersfield,Match Finished
257,2023-12-16,2023,Championship,England,Plymouth,3,2,Rotherham,Match Finished
258,2023-12-16,2023,Championship,England,Preston,1,5,Watford,Match Finished
259,2023-12-16,2023,Championship,England,Sheffield Wednesday,2,1,QPR,Match Finished
260,2023-12-16,2023,Championship,England,Southampton,4,0,Blackburn,Match Finished
261,2023-12-16,2023,Championship,England,Swansea,1,2,Middlesbrough,Match Finished
262,2023-12-17,2023,Championship,England,West Brom,1,1,Stoke City,Match Finished
263,2023-12-22,2023,Championship,England,Bristol City,3,2,Hull City,Match Finished
264,2023-12-23,2023,Championship,England,Blackburn,1,2,Watford,Match Finished
265,2023-12-23,2023,Championship,England,Leeds,4,0,Ipswich,Match Finished
266,2023-12-23,2023,Championship,England,Leicester,3,0,Rotherham,Match Finished
267,2023-12-23,2023,Championship,England,Middlesbrough,1,0,West Brom,Match Finished
268,2023-12-23,2023,Championship,England,Norwich,2,0,Huddersfield,Match Finished
269,2023-12-23,2023,Championship,England,Plymouth,3,3,Birmingham,Match Finished
270,2023-12-23,2023,Championship,England,QPR,0,1,Southampton,Match Finished
271,2023-12-23,2023,Championship,England,Sheffield Wednesday,1,2,Cardiff,Match Finished
272,2023-12-23,2023,Championship,England,Stoke City,0,0,Millwall,Match Finished
273,2023-12-23,2023,Championship,England,Sunderland,0,3,Coventry,Match Finished
274,2023-12-22,2023,Championship,England,Swansea,2,1,Preston,Match Finished
275,2023-12-26,2023,Championship,England,Millwall,2,0,QPR,Match Finished
276,2023-12-26,2023,Championship,England,Birmingham,1,3,Stoke City,Match Finished
277,2023-12-26,2023,Championship,England,Cardiff,2,2,Plymouth,Match Finished
278,2023-12-26,2023,Championship,England,Coventry,2,0,Sheffield Wednesday,Match Finished
279,2023-12-26,2023,Championship,England,Huddersfield,3,0,Blackburn,Match Finished
280,2023-12-26,2023,Championship,England,Hull City,0,1,Sunderland,Match Finished
281,2023-12-26,2023,Championship,England,Ipswich,1,1,Leicester,Match Finished
282,2023-12-26,2023,Championship,England,Preston,2,1,Leeds,Match Finished
283,2023-12-26,2023,Championship,England,Rotherham,1,0,Middlesbrough,Match Finished
284,2023-12-26,2023,Championship,England,Southampton,5,0,Swansea,Match Finished
285,2023-12-26,2023,Championship,England,Watford,1,4,Bristol City,Match Finished
286,2023-12-26,2023,Championship,England,West Brom,1,0,Norwich,Match Finished
287,2023-12-29,2023,Championship,England,Birmingham,0,0,Bristol City,Match Finished
288,2023-12-29,2023,Championship,England,Cardiff,0,2,Leicester,Match Finished
289,2023-12-29,2023,Championship,England,Coventry,2,2,Swansea,Match Finished
290,2023-12-29,2023,Championship,England,Huddersfield,1,2,Middlesbrough,Match Finished
291,2023-12-29,2023,Championship,England,Hull City,3,2,Blackburn,Match Finished
292,2023-12-29,2023,Championship,England,Ipswich,0,0,QPR,Match Finished
293,2023-12-29,2023,Championship,England,Millwall,1,0,Norwich,Match Finished
294,2023-12-29,2023,Championship,England,Preston,0,1,Sheffield Wednesday,Match Finished
295,2023-12-29,2023,Championship,England,Rotherham,1,1,Sunderland,Match Finished
296,2023-12-29,2023,Championship,England,Southampton,2,1,Plymouth,Match Finished
297,2023-12-29,2023,Championship,England,Watford,1,1,Stoke City,Match Finished
298,2023-12-29,2023,Championship,England,West Brom,1,0,Leeds,Match Finished
299,2024-01-01,2023,Championship,England,Blackburn,2,2,Rotherham,Match Finished
300,2024-01-01,2023,Championship,England,Bristol City,0,1,Millwall,Match Finished
301,2024-01-01,2023,Championship,England,Leeds,3,0,Birmingham,Match Finished
302,2024-01-01,2023,Championship,England,Leicester,4,1,Huddersfield,Match Finished
303,2024-01-01,2023,Championship,England,Middlesbrough,1,3,Coventry,Match Finished
304,2024-01-01,2023,Championship,England,Norwich,1,1,Southampton,Match Finished
305,2024-01-01,2023,Championship,England,Plymouth,3,3,Watford,Match Finished
306,2024-01-01,2023,Championship,England,QPR,1,2,Cardiff,Match Finished
307,2024-01-01,2023,Championship,England,Sheffield Wednesday,3,1,Hull City,Match Finished
308,2024-01-01,2023,Championship,England,Stoke City,0,0,Ipswich,Match Finished
309,2024-01-01,2023,Championship,England,Sunderland,2,0,Preston,Match Finished
310,2024-01-01,2023,Championship,England,Swansea,1,0,West Brom,Match Finished
311,2024-01-14,2023,Championship,England,QPR,1,2,Watford,Match Finished
312,2024-01-13,2023,Championship,England,Birmingham,2,2,Swansea,Match Finished
313,2024-01-13,2023,Championship,England,Cardiff,0,3,Leeds,Match Finished
314,2024-01-13,2023,Championship,England,Coventry,3,1,Leicester,Match Finished
315,2024-01-13,2023,Championship,England,Huddersfield,1,1,Plymouth,Match Finished
316,2024-01-12,2023,Championship,England,Hull City,1,2,Norwich,Match Finished
317,2024-01-13,2023,Championship,England,Ipswich,2,1,Sunderland,Match Finished
318,2024-01-13,2023,Championship,England,Millwall,1,3,Middlesbrough,Match Finished
319,2024-01-13,2023,Championship,England,Preston,2,0,Bristol City,Match Finished
320,2024-01-13,2023,Championship,England,Rotherham,0,1,Stoke City,Match Finished
321,2024-01-13,2023,Championship,England,Southampton,4,0,Sheffield Wednesday,Match Finished
322,2024-01-13,2023,Championship,England,West Brom,4,1,Blackburn,Match Finished
323,2024-01-20,2023,Championship,England,Blackburn,1,1,Huddersfield,Match Finished
324,2024-01-20,2023,Championship,England,Bristol City,1,1,Watford,Match Finished
325,2024-01-21,2023,Championship,England,Leeds,2,1,Preston,Match Finished
326,2024-01-22,2023,Championship,England,Leicester,1,1,Ipswich,Match Finished
327,2024-01-20,2023,Championship,England,Middlesbrough,1,1,Rotherham,Match Finished
328,2024-01-20,2023,Championship,England,Norwich,2,0,West Brom,Match Finished
329,2024-01-20,2023,Championship,England,Plymouth,3,1,Cardiff,Match Finished
330,2024-01-20,2023,Championship,England,QPR,2,0,Millwall,Match Finished
331,2024-01-20,2023,Championship,England,Sheffield Wednesday,1,2,Coventry,Match Finished
332,2024-01-20,2023,Championship,England,Stoke City,1,2,Birmingham,Match Finished
333,2024-01-19,2023,Championship,England,Sunderland,0,1,Hull City,Match Finished
334,2024-01-20,2023,Championship,England,Swansea,1,3,Southampton,Match Finished
335,2024-03-12,2023,Championship,England,Birmingham,,,Middlesbrough,Not Started
336,2024-02-20,2023,Championship,England,Cardiff,0,0,Blackburn,Match Finished
337,2024-01-30,2023,Championship,England,Coventry,2,2,Bristol City,Match Finished
338,2024-02-20,2023,Championship,England,Ipswich,4,3,Rotherham,Match Finished
339,2024-01-24,2023,Championship,England,Leeds,1,0,Norwich,Match Finished
340,2024-01-27,2023,Championship,England,Millwall,1,1,Preston,Match Finished
341,2024-02-20,2023,Championship,England,Plymouth,0,3,West Brom,Match Finished
342,2024-01-28,2023,Championship,England,QPR,1,1,Huddersfield,Match Finished
343,2024-01-31,2023,Championship,England,Sheffield Wednesday,0,0,Watford,Match Finished
344,2024-02-20,2023,Championship,England,Southampton,1,2,Hull City,Match Finished
345,2024-01-27,2023,Championship,England,Sunderland,3,1,Stoke City,Match Finished
346,2024-02-03,2023,Championship,England,Blackburn,1,2,QPR,Match Finished
347,2024-02-02,2023,Championship,England,Bristol City,0,1,Leeds,Match Finished
348,2024-02-03,2023,Championship,England,Huddersfield,4,0,Sheffield Wednesday,Match Finished
349,2024-02-03,2023,Championship,England,Hull City,1,0,Millwall,Match Finished
350,2024-02-04,2023,Championship,England,Middlesbrough,1,1,Sunderland,Match Finished
351,2024-02-03,2023,Championship,England,Norwich,2,1,Coventry,Match Finished
352,2024-02-03,2023,Championship,England,Preston,3,2,Ipswich,Match Finished
353,2024-02-03,2023,Championship,England,Rotherham,0,2,Southampton,Match Finished
354,2024-02-03,2023,Championship,England,Stoke City,0,5,Leicester,Match Finished
355,2024-02-03,2023,Championship,England,Swansea,0,1,Plymouth,Match Finished
356,2024-02-03,2023,Championship,England,Watford,0,1,Cardiff,Match Finished
357,2024-02-03,2023,Championship,England,West Brom,1,0,Birmingham,Match Finished
358,2024-02-10,2023,Championship,England,Blackburn,3,1,Stoke City,Match Finished
359,2024-02-10,2023,Championship,England,Cardiff,0,2,Preston,Match Finished
360,2024-02-11,2023,Championship,England,Coventry,2,1,Millwall,Match Finished
361,2024-02-10,2023,Championship,England,Hull City,0,1,Swansea,Match Finished
362,2024-02-10,2023,Championship,England,Ipswich,2,2,West Brom,Match Finished
363,2024-02-10,2023,Championship,England,Leeds,3,0,Rotherham,Match Finished
364,2024-02-10,2023,Championship,England,Middlesbrough,1,2,Bristol City,Match Finished
365,2024-02-10,2023,Championship,England,QPR,2,2,Norwich,Match Finished
366,2024-02-09,2023,Championship,England,Sheffield Wednesday,2,0,Birmingham,Match Finished
367,2024-02-10,2023,Championship,England,Southampton,5,3,Huddersfield,Match Finished
368,2024-02-10,2023,Championship,England,Sunderland,3,1,Plymouth,Match Finished
369,2024-02-10,2023,Championship,England,Watford,1,2,Leicester,Match Finished
370,2024-02-13,2023,Championship,England,Birmingham,1,0,Blackburn,Match Finished
371,2024-02-13,2023,Championship,England,Bristol City,3,1,Southampton,Match Finished
372,2024-02-13,2023,Championship,England,Leicester,2,0,Sheffield Wednesday,Match Finished
373,2024-02-13,2023,Championship,England,Norwich,4,2,Watford,Match Finished
374,2024-02-13,2023,Championship,England,Rotherham,1,2,Hull City,Match Finished
375,2024-02-13,2023,Championship,England,Swansea,0,4,Leeds,Match Finished
376,2024-02-14,2023,Championship,England,Huddersfield,1,0,Sunderland,Match Finished
377,2024-02-14,2023,Championship,England,Millwall,0,4,Ipswich,Match Finished
378,2024-02-14,2023,Championship,England,Plymouth,2,2,Coventry,Match Finished
379,2024-02-14,2023,Championship,England,Preston,2,1,Middlesbrough,Match Finished
380,2024-02-14,2023,Championship,England,Stoke City,1,0,QPR,Match Finished
381,2024-02-13,2023,Championship,England,West Brom,2,0,Cardiff,Match Finished
382,2024-02-17,2023,Championship,England,Birmingham,2,1,Sunderland,Match Finished
383,2024-02-17,2023,Championship,England,Bristol City,0,1,QPR,Match Finished
384,2024-02-17,2023,Championship,England,Huddersfield,1,2,Hull City,Match Finished
385,2024-02-17,2023,Championship,England,Leicester,1,2,Middlesbrough,Match Finished
386,2024-02-17,2023,Championship,England,Millwall,0,2,Sheffield Wednesday,Match Finished
387,2024-02-17,2023,Championship,England,Norwich,4,1,Cardiff,Match Finished
388,2024-02-17,2023,Championship,England,Plymouth,0,2,Leeds,Match Finished
389,2024-02-17,2023,Championship,England,Preston,2,2,Blackburn,Match Finished
390,2024-02-17,2023,Championship,England,Rotherham,0,1,Watford,Match Finished
391,2024-02-17,2023,Championship,England,Stoke City,0,1,Coventry,Match Finished
392,2024-02-17,2023,Championship,England,Swansea,1,2,Ipswich,Match Finished
393,2024-02-16,2023,Championship,England,West Brom,0,2,Southampton,Match Finished
394,2024-02-24,2023,Championship,England,Blackburn,1,1,Norwich,Match Finished
395,2024-02-24,2023,Championship,England,Cardiff,2,1,Stoke City,Match Finished
396,2024-02-23,2023,Championship,England,Coventry,0,3,Preston,Match Finished
397,2024-02-24,2023,Championship,England,Hull City,1,1,West Brom,Match Finished
398,2024-02-24,2023,Championship,England,Ipswich,3,1,Birmingham,Match Finished
399,2024-02-23,2023,Championship,England,Leeds,3,1,Leicester,Match Finished
400,2024-02-24,2023,Championship,England,Middlesbrough,0,2,Plymouth,Match Finished
401,2024-02-24,2023,Championship,England,QPR,2,1,Rotherham,Match Finished
402,2024-02-24,2023,Championship,England,Sheffield Wednesday,2,1,Bristol City,Match Finished
403,2024-02-24,2023,Championship,England,Southampton,1,2,Millwall,Match Finished
404,2024-02-24,2023,Championship,England,Sunderland,1,2,Swansea,Match Finished
405,2024-02-24,2023,Championship,England,Watford,1,2,Huddersfield,Match Finished
406,2024-03-02,2023,Championship,England,Huddersfield,,,Leeds,Not Started
407,2024-03-02,2023,Championship,England,Birmingham,,,Southampton,Not Started
408,2024-03-02,2023,Championship,England,Bristol City,,,Cardiff,Not Started
409,2024-03-02,2023,Championship,England,Leicester,,,QPR,Not Started
410,2024-03-02,2023,Championship,England,Millwall,,,Watford,Not Started
411,2024-03-02,2023,Championship,England,Norwich,,,Sunderland,Not Started
412,2024-03-02,2023,Championship,England,Plymouth,,,Ipswich,Not Started
413,2024-03-02,2023,Championship,England,Preston,,,Hull City,Not Started
414,2024-03-02,2023,Championship,England,Rotherham,,,Sheffield Wednesday,Not Started
415,2024-03-02,2023,Championship,England,Stoke City,,,Middlesbrough,Not Started
416,2024-03-02,2023,Championship,England,Swansea,,,Blackburn,Not Started
417,2024-03-01,2023,Championship,England,West Brom,,,Coventry,Not Started
418,2024-03-05,2023,Championship,England,Blackburn,,,Millwall,Not Started
419,2024-03-05,2023,Championship,England,Coventry,,,Rotherham,Not Started
420,2024-03-05,2023,Championship,England,Hull City,,,Birmingham,Not Started
421,2024-03-05,2023,Championship,England,Ipswich,,,Bristol City,Not Started
422,2024-03-05,2023,Championship,England,Leeds,,,Stoke City,Not Started
423,2024-03-05,2023,Championship,England,Sunderland,,,Leicester,Not Started
424,2024-03-06,2023,Championship,England,Middlesbrough,,,Norwich,Not Started
425,2024-03-06,2023,Championship,England,QPR,,,West Brom,Not Started
426,2024-03-05,2023,Championship,England,Sheffield Wednesday,,,Plymouth,Not Started
427,2024-03-06,2023,Championship,England,Southampton,,,Preston,Not Started
428,2024-03-06,2023,Championship,England,Watford,,,Swansea,Not Started
429,2024-03-09,2023,Championship,England,Blackburn,,,Plymouth,Not Started
430,2024-03-09,2023,Championship,England,Cardiff,,,Ipswich,Not Started
431,2024-03-10,2023,Championship,England,Huddersfield,,,West Brom,Not Started
432,2024-03-09,2023,Championship,England,Hull City,,,Leicester,Not Started
433,2024-03-09,2023,Championship,England,Millwall,,,Birmingham,Not Started
434,2024-03-09,2023,Championship,England,Norwich,,,Rotherham,Not Started
435,2024-03-09,2023,Championship,England,Preston,,,Stoke City,Not Started
436,2024-03-09,2023,Championship,England,QPR,,,Middlesbrough,Not Started
437,2024-03-08,2023,Championship,England,Sheffield Wednesday,,,Leeds,Not Started
438,2024-03-09,2023,Championship,England,Southampton,,,Sunderland,Not Started
439,2024-03-09,2023,Championship,England,Watford,,,Coventry,Not Started
440,2024-03-10,2023,Championship,England,Bristol City,,,Swansea,Not Started
441,2024-03-16,2023,Championship,England,Birmingham,,,Watford,Not Started
442,2024-03-16,2023,Championship,England,Coventry,,,Hull City,Not Started
443,2024-03-16,2023,Championship,England,Ipswich,,,Sheffield Wednesday,Not Started
444,2024-03-17,2023,Championship,England,Leeds,,,Millwall,Not Started
445,2024-03-15,2023,Championship,England,Leicester,,,Southampton,Not Started
446,2024-03-16,2023,Championship,England,Middlesbrough,,,Blackburn,Not Started
447,2024-03-16,2023,Championship,England,Plymouth,,,Preston,Not Started
448,2024-03-16,2023,Championship,England,Rotherham,,,Huddersfield,Not Started
449,2024-03-16,2023,Championship,England,Stoke City,,,Norwich,Not Started
450,2024-03-16,2023,Championship,England,Sunderland,,,QPR,Not Started
451,2024-03-16,2023,Championship,England,Swansea,,,Cardiff,Not Started
452,2024-03-16,2023,Championship,England,West Brom,,,Bristol City,Not Started
453,2024-03-29,2023,Championship,England,Millwall,,,West Brom,Not Started
454,2024-03-29,2023,Championship,England,Blackburn,,,Ipswich,Not Started
455,2024-03-29,2023,Championship,England,Bristol City,,,Leicester,Not Started
456,2024-03-29,2023,Championship,England,Cardiff,,,Sunderland,Not Started
457,2024-03-29,2023,Championship,England,Huddersfield,,,Coventry,Not Started
458,2024-03-29,2023,Championship,England,Hull City,,,Stoke City,Not Started
459,2024-03-29,2023,Championship,England,Norwich,,,Plymouth,Not Started
460,2024-03-29,2023,Championship,England,Preston,,,Rotherham,Not Started
461,2024-03-29,2023,Championship,England,QPR,,,Birmingham,Not Started
462,2024-03-29,2023,Championship,England,Sheffield Wednesday,,,Swansea,Not Started
463,2024-03-29,2023,Championship,England,Southampton,,,Middlesbrough,Not Started
464,2024-03-29,2023,Championship,England,Watford,,,Leeds,Not Started
465,2024-04-01,2023,Championship,England,Birmingham,,,Preston,Not Started
466,2024-04-01,2023,Championship,England,Coventry,,,Cardiff,Not Started
467,2024-04-01,2023,Championship,England,Ipswich,,,Southampton,Not Started
468,2024-04-01,2023,Championship,England,Leeds,,,Hull City,Not Started
469,2024-04-01,2023,Championship,England,Leicester,,,Norwich,Not Started
470,2024-04-01,2023,Championship,England,Middlesbrough,,,Sheffield Wednesday,Not Started
471,2024-04-01,2023,Championship,England,Plymouth,,,Bristol City,Not Started
472,2024-04-01,2023,Championship,England,Rotherham,,,Millwall,Not Started
473,2024-04-01,2023,Championship,England,Stoke City,,,Huddersfield,Not Started
474,2024-04-01,2023,Championship,England,Sunderland,,,Blackburn,Not Started
475,2024-04-01,2023,Championship,England,Swansea,,,QPR,Not Started
476,2024-04-01,2023,Championship,England,West Brom,,,Watford,Not Started
477,2024-04-06,2023,Championship,England,Blackburn,,,Southampton,Not Started
478,2024-04-06,2023,Championship,England,Cardiff,,,Hull City,Not Started
479,2024-04-06,2023,Championship,England,Coventry,,,Leeds,Not Started
480,2024-04-06,2023,Championship,England,Huddersfield,,,Millwall,Not Started
481,2024-04-06,2023,Championship,England,Leicester,,,Birmingham,Not Started
482,2024-04-06,2023,Championship,England,Middlesbrough,,,Swansea,Not Started
483,2024-04-06,2023,Championship,England,Norwich,,,Ipswich,Not Started
484,2024-04-06,2023,Championship,England,QPR,,,Sheffield Wednesday,Not Started
485,2024-04-06,2023,Championship,England,Rotherham,,,Plymouth,Not Started
486,2024-04-06,2023,Championship,England,Stoke City,,,West Brom,Not Started
487,2024-04-06,2023,Championship,England,Sunderland,,,Bristol City,Not Started
488,2024-04-06,2023,Championship,England,Watford,,,Preston,Not Started
489,2024-04-09,2023,Championship,England,Leeds,,,Sunderland,Not Started
490,2024-04-09,2023,Championship,England,Millwall,,,Leicester,Not Started
491,2024-04-09,2023,Championship,England,Plymouth,,,QPR,Not Started
492,2024-04-09,2023,Championship,England,Preston,,,Huddersfield,Not Started
493,2024-04-09,2023,Championship,England,Sheffield Wednesday,,,Norwich,Not Started
494,2024-04-09,2023,Championship,England,Southampton,,,Coventry,Not Started
495,2024-04-10,2023,Championship,England,Birmingham,,,Cardiff,Not Started
496,2024-04-10,2023,Championship,England,Bristol City,,,Blackburn,Not Started
497,2024-04-10,2023,Championship,England,Hull City,,,Middlesbrough,Not Started
498,2024-04-10,2023,Championship,England,Ipswich,,,Watford,Not Started
499,2024-04-10,2023,Championship,England,Swansea,,,Stoke City,Not Started
500,2024-04-10,2023,Championship,England,West Brom,,,Rotherham,Not Started
501,2024-04-13,2023,Championship,England,Birmingham,,,Coventry,Not Started
502,2024-04-13,2023,Championship,England,Bristol City,,,Huddersfield,Not Started
503,2024-04-13,2023,Championship,England,Hull City,,,QPR,Not Started
504,2024-04-13,2023,Championship,England,Ipswich,,,Middlesbrough,Not Started
505,2024-04-13,2023,Championship,England,Leeds,,,Blackburn,Not Started
506,2024-04-13,2023,Championship,England,Millwall,,,Cardiff,Not Started
507,2024-04-13,2023,Championship,England,Plymouth,,,Leicester,Not Started
508,2024-04-13,2023,Championship,England,Preston,,,Norwich,Not Started
509,2024-04-13,2023,Championship,England,Sheffield Wednesday,,,Stoke City,Not Started
510,2024-04-13,2023,Championship,England,Southampton,,,Watford,Not Started
511,2024-04-13,2023,Championship,England,Swansea,,,Rotherham,Not Started
512,2024-04-13,2023,Championship,England,West Brom,,,Sunderland,Not Started
513,2024-04-20,2023,Championship,England,Blackburn,,,Sheffield Wednesday,Not Started
514,2024-04-20,2023,Championship,England,Cardiff,,,Southampton,Not Started
515,2024-04-20,2023,Championship,England,Coventry,,,Ipswich,Not Started
516,2024-04-20,2023,Championship,England,Huddersfield,,,Swansea,Not Started
517,2024-04-20,2023,Championship,England,Leicester,,,West Brom,Not Started
518,2024-04-20,2023,Championship,England,Middlesbrough,,,Leeds,Not Started
519,2024-04-20,2023,Championship,England,Norwich,,,Bristol City,Not Started
520,2024-04-20,2023,Championship,England,QPR,,,Preston,Not Started
521,2024-04-20,2023,Championship,England,Rotherham,,,Birmingham,Not Started
522,2024-04-20,2023,Championship,England,Stoke City,,,Plymouth,Not Started
523,2024-04-20,2023,Championship,England,Sunderland,,,Millwall,Not Started
524,2024-04-20,2023,Championship,England,Watford,,,Hull City,Not Started
525,2024-04-27,2023,Championship,England,Blackburn,,,Coventry,Not Started
526,2024-04-27,2023,Championship,England,Bristol City,,,Rotherham,Not Started
527,2024-04-27,2023,Championship,England,Cardiff,,,Middlesbrough,Not Started
528,2024-04-27,2023,Championship,England,Huddersfield,,,Birmingham,Not Started
529,2024-04-27,2023,Championship,England,Hull City,,,Ipswich,Not Started
530,2024-04-27,2023,Championship,England,Millwall,,,Plymouth,Not Started
531,2024-04-27,2023,Championship,England,Preston,,,Leicester,Not Started
532,2024-04-27,2023,Championship,England,QPR,,,Leeds,Not Started
533,2024-04-27,2023,Championship,England,Sheffield Wednesday,,,West Brom,Not Started
534,2024-04-27,2023,Championship,England,Southampton,,,Stoke City,Not Started
535,2024-04-27,2023,Championship,England,Watford,,,Sunderland,Not Started
536,2024-05-04,2023,Championship,England,Birmingham,,,Norwich,Not Started
537,2024-05-04,2023,Championship,England,Coventry,,,QPR,Not Started
538,2024-05-04,2023,Championship,England,Ipswich,,,Huddersfield,Not Started
539,2024-05-04,2023,Championship,England,Leeds,,,Southampton,Not Started
540,2024-05-04,2023,Championship,England,Leicester,,,Blackburn,Not Started
541,2024-05-04,2023,Championship,England,Middlesbrough,,,Watford,Not Started
542,2024-05-04,2023,Championship,England,Plymouth,,,Hull City,Not Started
543,2024-05-04,2023,Championship,England,Rotherham,,,Cardiff,Not Started
544,2024-05-04,2023,Championship,England,Stoke City,,,Bristol City,Not Started
545,2024-05-04,2023,Championship,England,Sunderland,,,Sheffield Wednesday,Not Started
546,2024-05-04,2023,Championship,England,Swansea,,,Millwall,Not Started
547,2024-05-04,2023,Championship,England,West Brom,,,Preston,Not Started
548,2023-10-07,2023,Championship,England,Cardiff,1,1,Watford,Match Finished
549,2024-01-30,2023,Championship,England,Leicester,3,1,Swansea,Match Finished
550,2024-03-06,2023,Championship,England,Cardiff,,,Huddersfield,Not Started
551,2024-04-27,2023,Championship,England,Norwich,,,Swansea,Not Started
552,2023-08-11,2023,Premier League,England,Burnley,0,3,Manchester City,Match Finished
553,2023-08-12,2023,Premier League,England,Arsenal,2,1,Nottingham Forest,Match Finished
554,2023-08-12,2023,Premier League,England,Bournemouth,1,1,West Ham,Match Finished
555,2023-08-12,2023,Premier League,England,Brighton,4,1,Luton,Match Finished
556,2023-08-12,2023,Premier League,England,Everton,0,1,Fulham,Match Finished
557,2023-08-12,2023,Premier League,England,Sheffield Utd,0,1,Crystal Palace,Match Finished
558,2023-08-12,2023,Premier League,England,Newcastle,5,1,Aston Villa,Match Finished
559,2023-08-13,2023,Premier League,England,Brentford,2,2,Tottenham,Match Finished
560,2023-08-13,2023,Premier League,England,Chelsea,1,1,Liverpool,Match Finished
561,2023-08-14,2023,Premier League,England,Manchester United,1,0,Wolves,Match Finished
562,2023-08-20,2023,Premier League,England,Aston Villa,4,0,Everton,Match Finished
563,2023-08-21,2023,Premier League,England,Crystal Palace,0,1,Arsenal,Match Finished
564,2023-08-19,2023,Premier League,England,Fulham,0,3,Brentford,Match Finished
565,2023-08-19,2023,Premier League,England,Liverpool,3,1,Bournemouth,Match Finished
566,2023-10-03,2023,Premier League,England,Luton,1,2,Burnley,Match Finished
567,2023-08-19,2023,Premier League,England,Manchester City,1,0,Newcastle,Match Finished
568,2023-08-18,2023,Premier League,England,Nottingham Forest,2,1,Sheffield Utd,Match Finished
569,2023-08-19,2023,Premier League,England,Tottenham,2,0,Manchester United,Match Finished
570,2023-08-20,2023,Premier League,England,West Ham,3,1,Chelsea,Match Finished
571,2023-08-19,2023,Premier League,England,Wolves,1,4,Brighton,Match Finished
572,2023-08-26,2023,Premier League,England,Bournemouth,0,2,Tottenham,Match Finished
573,2023-08-26,2023,Premier League,England,Arsenal,2,2,Fulham,Match Finished
574,2023-08-26,2023,Premier League,England,Brentford,1,1,Crystal Palace,Match Finished
575,2023-08-26,2023,Premier League,England,Brighton,1,3,West Ham,Match Finished
576,2023-08-27,2023,Premier League,England,Burnley,1,3,Aston Villa,Match Finished
577,2023-08-25,2023,Premier League,England,Chelsea,3,0,Luton,Match Finished
578,2023-08-26,2023,Premier League,England,Everton,0,1,Wolves,Match Finished
579,2023-08-26,2023,Premier League,England,Manchester United,3,2,Nottingham Forest,Match Finished
580,2023-08-27,2023,Premier League,England,Newcastle,1,2,Liverpool,Match Finished
581,2023-08-27,2023,Premier League,England,Sheffield Utd,1,2,Manchester City,Match Finished
582,2023-09-03,2023,Premier League,England,Arsenal,3,1,Manchester United,Match Finished
583,2023-09-02,2023,Premier League,England,Brentford,2,2,Bournemouth,Match Finished
584,2023-09-02,2023,Premier League,England,Brighton,3,1,Newcastle,Match Finished
585,2023-09-02,2023,Premier League,England,Burnley,2,5,Tottenham,Match Finished
586,2023-09-02,2023,Premier League,England,Chelsea,0,1,Nottingham Forest,Match Finished
587,2023-09-03,2023,Premier League,England,Crystal Palace,3,2,Wolves,Match Finished
588,2023-09-03,2023,Premier League,England,Liverpool,3,0,Aston Villa,Match Finished
589,2023-09-01,2023,Premier League,England,Luton,1,2,West Ham,Match Finished
590,2023-09-02,2023,Premier League,England,Manchester City,5,1,Fulham,Match Finished
591,2023-09-02,2023,Premier League,England,Sheffield Utd,2,2,Everton,Match Finished
592,2023-09-17,2023,Premier League,England,Bournemouth,0,0,Chelsea,Match Finished
593,2023-09-16,2023,Premier League,England,Aston Villa,3,1,Crystal Palace,Match Finished
594,2023-09-17,2023,Premier League,England,Everton,0,1,Arsenal,Match Finished
595,2023-09-16,2023,Premier League,England,Fulham,1,0,Luton,Match Finished
596,2023-09-16,2023,Premier League,England,Manchester United,1,3,Brighton,Match Finished
597,2023-09-16,2023,Premier League,England,Newcastle,1,0,Brentford,Match Finished
598,2023-09-18,2023,Premier League,England,Nottingham Forest,1,1,Burnley,Match Finished
599,2023-09-16,2023,Premier League,England,Tottenham,2,1,Sheffield Utd,Match Finished
600,2023-09-16,2023,Premier League,England,West Ham,1,3,Manchester City,Match Finished
601,2023-09-16,2023,Premier League,England,Wolves,1,3,Liverpool,Match Finished
602,2023-09-24,2023,Premier League,England,Arsenal,2,2,Tottenham,Match Finished
603,2023-09-23,2023,Premier League,England,Brentford,1,3,Everton,Match Finished
604,2023-09-24,2023,Premier League,England,Brighton,3,1,Bournemouth,Match Finished
605,2023-09-23,2023,Premier League,England,Burnley,0,1,Manchester United,Match Finished
606,2023-09-24,2023,Premier League,England,Chelsea,0,1,Aston Villa,Match Finished
607,2023-09-23,2023,Premier League,England,Crystal Palace,0,0,Fulham,Match Finished
608,2023-09-24,2023,Premier League,England,Liverpool,3,1,West Ham,Match Finished
609,2023-09-23,2023,Premier League,England,Luton,1,1,Wolves,Match Finished
610,2023-09-23,2023,Premier League,England,Manchester City,2,0,Nottingham Forest,Match Finished
611,2023-09-24,2023,Premier League,England,Sheffield Utd,0,8,Newcastle,Match Finished
612,2023-09-30,2023,Premier League,England,Bournemouth,0,4,Arsenal,Match Finished
613,2023-09-30,2023,Premier League,England,Aston Villa,6,1,Brighton,Match Finished
614,2023-09-30,2023,Premier League,England,Everton,1,2,Luton,Match Finished
615,2023-10-02,2023,Premier League,England,Fulham,0,2,Chelsea,Match Finished
616,2023-09-30,2023,Premier League,England,Manchester United,0,1,Crystal Palace,Match Finished
617,2023-09-30,2023,Premier League,England,Newcastle,2,0,Burnley,Match Finished
618,2023-10-01,2023,Premier League,England,Nottingham Forest,1,1,Brentford,Match Finished
619,2023-09-30,2023,Premier League,England,Tottenham,2,1,Liverpool,Match Finished
620,2023-09-30,2023,Premier League,England,West Ham,2,0,Sheffield Utd,Match Finished
621,2023-09-30,2023,Premier League,England,Wolves,2,1,Manchester City,Match Finished
622,2023-10-08,2023,Premier League,England,Arsenal,1,0,Manchester City,Match Finished
623,2023-10-08,2023,Premier League,England,Brighton,2,2,Liverpool,Match Finished
624,2023-10-07,2023,Premier League,England,Burnley,1,4,Chelsea,Match Finished
625,2023-10-07,2023,Premier League,England,Crystal Palace,0,0,Nottingham Forest,Match Finished
626,2023-10-07,2023,Premier League,England,Everton,3,0,Bournemouth,Match Finished
627,2023-10-07,2023,Premier League,England,Fulham,3,1,Sheffield Utd,Match Finished
628,2023-10-07,2023,Premier League,England,Luton,0,1,Tottenham,Match Finished
629,2023-10-07,2023,Premier League,England,Manchester United,2,1,Brentford,Match Finished
630,2023-10-08,2023,Premier League,England,West Ham,2,2,Newcastle,Match Finished
631,2023-10-08,2023,Premier League,England,Wolves,1,1,Aston Villa,Match Finished
632,2023-10-21,2023,Premier League,England,Bournemouth,1,2,Wolves,Match Finished
633,2023-10-22,2023,Premier League,England,Aston Villa,4,1,West Ham,Match Finished
634,2023-10-21,2023,Premier League,England,Brentford,3,0,Burnley,Match Finished
635,2023-10-21,2023,Premier League,England,Chelsea,2,2,Arsenal,Match Finished
636,2023-10-21,2023,Premier League,England,Liverpool,2,0,Everton,Match Finished
637,2023-10-21,2023,Premier League,England,Manchester City,2,1,Brighton,Match Finished
638,2023-10-21,2023,Premier League,England,Newcastle,4,0,Crystal Palace,Match Finished
639,2023-10-21,2023,Premier League,England,Nottingham Forest,2,2,Luton,Match Finished
640,2023-10-21,2023,Premier League,England,Sheffield Utd,1,2,Manchester United,Match Finished
641,2023-10-23,2023,Premier League,England,Tottenham,2,0,Fulham,Match Finished
642,2023-10-28,2023,Premier League,England,Bournemouth,2,1,Burnley,Match Finished
643,2023-10-28,2023,Premier League,England,Arsenal,5,0,Sheffield Utd,Match Finished
644,2023-10-29,2023,Premier League,England,Aston Villa,3,1,Luton,Match Finished
645,2023-10-29,2023,Premier League,England,Brighton,1,1,Fulham,Match Finished
646,2023-10-28,2023,Premier League,England,Chelsea,0,2,Brentford,Match Finished
647,2023-10-27,2023,Premier League,England,Crystal Palace,1,2,Tottenham,Match Finished
648,2023-10-29,2023,Premier League,England,Liverpool,3,0,Nottingham Forest,Match Finished
649,2023-10-29,2023,Premier League,England,Manchester United,0,3,Manchester City,Match Finished
650,2023-10-29,2023,Premier League,England,West Ham,0,1,Everton,Match Finished
651,2023-10-28,2023,Premier League,England,Wolves,2,2,Newcastle,Match Finished
652,2023-11-04,2023,Premier League,England,Brentford,3,2,West Ham,Match Finished
653,2023-11-04,2023,Premier League,England,Burnley,0,2,Crystal Palace,Match Finished
654,2023-11-04,2023,Premier League,England,Everton,1,1,Brighton,Match Finished
655,2023-11-04,2023,Premier League,England,Fulham,0,1,Manchester United,Match Finished
656,2023-11-05,2023,Premier League,England,Luton,1,1,Liverpool,Match Finished
657,2023-11-04,2023,Premier League,England,Manchester City,6,1,Bournemouth,Match Finished
658,2023-11-04,2023,Premier League,England,Newcastle,1,0,Arsenal,Match Finished
659,2023-11-05,2023,Premier League,England,Nottingham Forest,2,0,Aston Villa,Match Finished
660,2023-11-04,2023,Premier League,England,Sheffield Utd,2,1,Wolves,Match Finished
661,2023-11-06,2023,Premier League,England,Tottenham,1,4,Chelsea,Match Finished
662,2023-11-11,2023,Premier League,England,Bournemouth,2,0,Newcastle,Match Finished
663,2023-11-11,2023,Premier League,England,Arsenal,3,1,Burnley,Match Finished
664,2023-11-12,2023,Premier League,England,Aston Villa,3,1,Fulham,Match Finished
665,2023-11-12,2023,Premier League,England,Brighton,1,1,Sheffield Utd,Match Finished
666,2023-11-12,2023,Premier League,England,Chelsea,4,4,Manchester City,Match Finished
667,2023-11-11,2023,Premier League,England,Crystal Palace,2,3,Everton,Match Finished
668,2023-11-12,2023,Premier League,England,Liverpool,3,0,Brentford,Match Finished
669,2023-11-11,2023,Premier League,England,Manchester United,1,0,Luton,Match Finished
670,2023-11-12,2023,Premier League,England,West Ham,3,2,Nottingham Forest,Match Finished
671,2023-11-11,2023,Premier League,England,Wolves,2,1,Tottenham,Match Finished
672,2023-11-25,2023,Premier League,England,Brentford,0,1,Arsenal,Match Finished
673,2023-11-25,2023,Premier League,England,Burnley,1,2,West Ham,Match Finished
674,2023-11-26,2023,Premier League,England,Everton,0,3,Manchester United,Match Finished
675,2023-11-27,2023,Premier League,England,Fulham,3,2,Wolves,Match Finished
676,2023-11-25,2023,Premier League,England,Luton,2,1,Crystal Palace,Match Finished
677,2023-11-25,2023,Premier League,England,Manchester City,1,1,Liverpool,Match Finished
678,2023-11-25,2023,Premier League,England,Newcastle,4,1,Chelsea,Match Finished
679,2023-11-25,2023,Premier League,England,Nottingham Forest,2,3,Brighton,Match Finished
680,2023-11-25,2023,Premier League,England,Sheffield Utd,1,3,Bournemouth,Match Finished
681,2023-11-26,2023,Premier League,England,Tottenham,1,2,Aston Villa,Match Finished
682,2023-12-03,2023,Premier League,England,Bournemouth,2,2,Aston Villa,Match Finished
683,2023-12-02,2023,Premier League,England,Arsenal,2,1,Wolves,Match Finished
684,2023-12-02,2023,Premier League,England,Brentford,3,1,Luton,Match Finished
685,2023-12-02,2023,Premier League,England,Burnley,5,0,Sheffield Utd,Match Finished
686,2023-12-03,2023,Premier League,England,Chelsea,3,2,Brighton,Match Finished
687,2023-12-03,2023,Premier League,England,Liverpool,4,3,Fulham,Match Finished
688,2023-12-03,2023,Premier League,England,Manchester City,3,3,Tottenham,Match Finished
689,2023-12-02,2023,Premier League,England,Newcastle,1,0,Manchester United,Match Finished
690,2023-12-02,2023,Premier League,England,Nottingham Forest,0,1,Everton,Match Finished
691,2023-12-03,2023,Premier League,England,West Ham,1,1,Crystal Palace,Match Finished
692,2023-12-06,2023,Premier League,England,Aston Villa,1,0,Manchester City,Match Finished
693,2023-12-06,2023,Premier League,England,Brighton,2,1,Brentford,Match Finished
694,2023-12-07,2023,Premier League,England,Everton,3,0,Newcastle,Match Finished
695,2023-12-06,2023,Premier League,England,Fulham,5,0,Nottingham Forest,Match Finished
696,2023-12-05,2023,Premier League,England,Luton,3,4,Arsenal,Match Finished
697,2023-12-06,2023,Premier League,England,Sheffield Utd,0,2,Liverpool,Match Finished
698,2023-12-07,2023,Premier League,England,Tottenham,1,2,West Ham,Match Finished
699,2023-12-05,2023,Premier League,England,Wolves,1,0,Burnley,Match Finished
700,2023-12-06,2023,Premier League,England,Crystal Palace,0,2,Bournemouth,Match Finished
701,2023-12-06,2023,Premier League,England,Manchester United,2,1,Chelsea,Match Finished
702,2023-12-09,2023,Premier League,England,Aston Villa,1,0,Arsenal,Match Finished
703,2023-12-09,2023,Premier League,England,Brighton,1,1,Burnley,Match Finished
704,2023-12-09,2023,Premier League,England,Crystal Palace,1,2,Liverpool,Match Finished
705,2023-12-10,2023,Premier League,England,Everton,2,0,Chelsea,Match Finished
706,2023-12-10,2023,Premier League,England,Fulham,5,0,West Ham,Match Finished
707,2023-12-10,2023,Premier League,England,Luton,1,2,Manchester City,Match Finished
708,2023-12-09,2023,Premier League,England,Manchester United,0,3,Bournemouth,Match Finished
709,2023-12-09,2023,Premier League,England,Sheffield Utd,1,0,Brentford,Match Finished
710,2023-12-10,2023,Premier League,England,Tottenham,4,1,Newcastle,Match Finished
711,2023-12-09,2023,Premier League,England,Wolves,1,1,Nottingham Forest,Match Finished
712,2024-03-13,2023,Premier League,England,Bournemouth,,,Luton,Not Started
713,2023-12-17,2023,Premier League,England,Arsenal,2,0,Brighton,Match Finished
714,2023-12-17,2023,Premier League,England,Brentford,1,2,Aston Villa,Match Finished
715,2023-12-16,2023,Premier League,England,Burnley,0,2,Everton,Match Finished
716,2023-12-16,2023,Premier League,England,Chelsea,2,0,Sheffield Utd,Match Finished
717,2023-12-17,2023,Premier League,England,Liverpool,0,0,Manchester United,Match Finished
718,2023-12-16,2023,Premier League,England,Manchester City,2,2,Crystal Palace,Match Finished
719,2023-12-16,2023,Premier League,England,Newcastle,3,0,Fulham,Match Finished
720,2023-12-15,2023,Premier League,England,Nottingham Forest,0,2,Tottenham,Match Finished
721,2023-12-17,2023,Premier League,England,West Ham,3,0,Wolves,Match Finished
722,2023-12-22,2023,Premier League,England,Aston Villa,1,1,Sheffield Utd,Match Finished
723,2023-12-21,2023,Premier League,England,Crystal Palace,1,1,Brighton,Match Finished
724,2023-12-23,2023,Premier League,England,Fulham,0,2,Burnley,Match Finished
725,2023-12-23,2023,Premier League,England,Liverpool,1,1,Arsenal,Match Finished
726,2023-12-23,2023,Premier League,England,Luton,1,0,Newcastle,Match Finished
727,2024-02-20,2023,Premier League,England,Manchester City,1,0,Brentford,Match Finished
728,2023-12-23,2023,Premier League,England,Nottingham Forest,2,3,Bournemouth,Match Finished
729,2023-12-23,2023,Premier League,England,Tottenham,2,1,Everton,Match Finished
730,2023-12-23,2023,Premier League,England,West Ham,2,0,Manchester United,Match Finished
731,2023-12-24,2023,Premier League,England,Wolves,2,1,Chelsea,Match Finished
732,2023-12-26,2023,Premier League,England,Bournemouth,3,0,Fulham,Match Finished
733,2023-12-28,2023,Premier League,England,Arsenal,0,2,West Ham,Match Finished
734,2023-12-27,2023,Premier League,England,Brentford,1,4,Wolves,Match Finished
735,2023-12-28,2023,Premier League,England,Brighton,4,2,Tottenham,Match Finished
736,2023-12-26,2023,Premier League,England,Burnley,0,2,Liverpool,Match Finished
737,2023-12-27,2023,Premier League,England,Chelsea,2,1,Crystal Palace,Match Finished
738,2023-12-27,2023,Premier League,England,Everton,1,3,Manchester City,Match Finished
739,2023-12-26,2023,Premier League,England,Manchester United,3,2,Aston Villa,Match Finished
740,2023-12-26,2023,Premier League,England,Newcastle,1,3,Nottingham Forest,Match Finished
741,2023-12-26,2023,Premier League,England,Sheffield Utd,2,3,Luton,Match Finished
742,2023-12-30,2023,Premier League,England,Aston Villa,3,2,Burnley,Match Finished
743,2023-12-30,2023,Premier League,England,Crystal Palace,3,1,Brentford,Match Finished
744,2023-12-31,2023,Premier League,England,Fulham,2,1,Arsenal,Match Finished
745,2024-01-01,2023,Premier League,England,Liverpool,4,2,Newcastle,Match Finished
746,2023-12-30,2023,Premier League,England,Luton,2,3,Chelsea,Match Finished
747,2023-12-30,2023,Premier League,England,Manchester City,2,0,Sheffield Utd,Match Finished
748,2023-12-30,2023,Premier League,England,Nottingham Forest,2,1,Manchester United,Match Finished
749,2023-12-31,2023,Premier League,England,Tottenham,3,1,Bournemouth,Match Finished
750,2024-01-02,2023,Premier League,England,West Ham,0,0,Brighton,Match Finished
751,2023-12-30,2023,Premier League,England,Wolves,3,0,Everton,Match Finished
752,2024-01-21,2023,Premier League,England,Bournemouth,0,4,Liverpool,Match Finished
753,2024-01-20,2023,Premier League,England,Arsenal,5,0,Crystal Palace,Match Finished
754,2024-01-20,2023,Premier League,England,Brentford,3,2,Nottingham Forest,Match Finished
755,2024-01-22,2023,Premier League,England,Brighton,0,0,Wolves,Match Finished
756,2024-01-12,2023,Premier League,England,Burnley,1,1,Luton,Match Finished
757,2024-01-13,2023,Premier League,England,Chelsea,1,0,Fulham,Match Finished
758,2024-01-14,2023,Premier League,England,Everton,0,0,Aston Villa,Match Finished
759,2024-01-14,2023,Premier League,England,Manchester United,2,2,Tottenham,Match Finished
760,2024-01-13,2023,Premier League,England,Newcastle,2,3,Manchester City,Match Finished
761,2024-01-21,2023,Premier League,England,Sheffield Utd,2,2,West Ham,Match Finished
762,2024-01-30,2023,Premier League,England,Aston Villa,1,3,Newcastle,Match Finished
763,2024-01-30,2023,Premier League,England,Fulham,0,0,Everton,Match Finished
764,2024-01-30,2023,Premier League,England,Luton,4,0,Brighton,Match Finished
765,2024-01-30,2023,Premier League,England,Nottingham Forest,1,2,Arsenal,Match Finished
766,2024-01-31,2023,Premier League,England,Tottenham,3,2,Brentford,Match Finished
767,2024-02-01,2023,Premier League,England,West Ham,1,1,Bournemouth,Match Finished
768,2024-02-01,2023,Premier League,England,Wolves,3,4,Manchester United,Match Finished
769,2024-01-30,2023,Premier League,England,Crystal Palace,3,2,Sheffield Utd,Match Finished
770,2024-01-31,2023,Premier League,England,Liverpool,4,1,Chelsea,Match Finished
771,2024-01-31,2023,Premier League,England,Manchester City,3,1,Burnley,Match Finished
772,2024-02-04,2023,Premier League,England,Bournemouth,1,1,Nottingham Forest,Match Finished
773,2024-02-04,2023,Premier League,England,Arsenal,3,1,Liverpool,Match Finished
774,2024-02-05,2023,Premier League,England,Brentford,1,3,Manchester City,Match Finished
775,2024-02-03,2023,Premier League,England,Brighton,4,1,Crystal Palace,Match Finished
776,2024-02-03,2023,Premier League,England,Burnley,2,2,Fulham,Match Finished
777,2024-02-04,2023,Premier League,England,Chelsea,2,4,Wolves,Match Finished
778,2024-02-03,2023,Premier League,England,Everton,2,2,Tottenham,Match Finished
779,2024-02-04,2023,Premier League,England,Manchester United,3,0,West Ham,Match Finished
780,2024-02-03,2023,Premier League,England,Newcastle,4,4,Luton,Match Finished
781,2024-02-03,2023,Premier League,England,Sheffield Utd,0,5,Aston Villa,Match Finished
782,2024-02-11,2023,Premier League,England,Aston Villa,1,2,Manchester United,Match Finished
783,2024-02-12,2023,Premier League,England,Crystal Palace,1,3,Chelsea,Match Finished
784,2024-02-10,2023,Premier League,England,Fulham,3,1,Bournemouth,Match Finished
785,2024-02-10,2023,Premier League,England,Liverpool,3,1,Burnley,Match Finished
786,2024-02-10,2023,Premier League,England,Luton,1,3,Sheffield Utd,Match Finished
787,2024-02-10,2023,Premier League,England,Manchester City,2,0,Everton,Match Finished
788,2024-02-10,2023,Premier League,England,Nottingham Forest,2,3,Newcastle,Match Finished
789,2024-02-10,2023,Premier League,England,Tottenham,2,1,Brighton,Match Finished
790,2024-02-11,2023,Premier League,England,West Ham,0,6,Arsenal,Match Finished
791,2024-02-10,2023,Premier League,England,Wolves,0,2,Brentford,Match Finished
792,2024-02-17,2023,Premier League,England,Brentford,1,4,Liverpool,Match Finished
793,2024-02-17,2023,Premier League,England,Burnley,0,5,Arsenal,Match Finished
794,2024-02-19,2023,Premier League,England,Everton,1,1,Crystal Palace,Match Finished
795,2024-02-17,2023,Premier League,England,Fulham,1,2,Aston Villa,Match Finished
796,2024-02-18,2023,Premier League,England,Luton,1,2,Manchester United,Match Finished
797,2024-02-17,2023,Premier League,England,Manchester City,1,1,Chelsea,Match Finished
798,2024-02-17,2023,Premier League,England,Newcastle,2,2,Bournemouth,Match Finished
799,2024-02-17,2023,Premier League,England,Nottingham Forest,2,0,West Ham,Match Finished
800,2024-02-18,2023,Premier League,England,Sheffield Utd,0,5,Brighton,Match Finished
801,2024-02-17,2023,Premier League,England,Tottenham,1,2,Wolves,Match Finished
802,2024-02-24,2023,Premier League,England,Bournemouth,0,1,Manchester City,Match Finished
803,2024-02-24,2023,Premier League,England,Arsenal,4,1,Newcastle,Match Finished
804,2024-02-24,2023,Premier League,England,Aston Villa,4,2,Nottingham Forest,Match Finished
805,2024-02-24,2023,Premier League,England,Brighton,1,1,Everton,Match Finished
806,2024-02-23,2023,Premier League,England,Chelsea,,,Tottenham,Match Postponed
807,2024-02-24,2023,Premier League,England,Crystal Palace,3,0,Burnley,Match Finished
808,2024-02-21,2023,Premier League,England,Liverpool,4,1,Luton,Match Finished
809,2024-02-24,2023,Premier League,England,Manchester United,1,2,Fulham,Match Finished
810,2024-02-26,2023,Premier League,England,West Ham,4,2,Brentford,Match Finished
811,2024-02-25,2023,Premier League,England,Wolves,1,0,Sheffield Utd,Match Finished
812,2024-03-02,2023,Premier League,England,Brentford,,,Chelsea,Not Started
813,2024-03-03,2023,Premier League,England,Burnley,,,Bournemouth,Not Started
814,2024-03-02,2023,Premier League,England,Everton,,,West Ham,Not Started
815,2024-03-02,2023,Premier League,England,Fulham,,,Brighton,Not Started
816,2024-03-02,2023,Premier League,England,Luton,,,Aston Villa,Not Started
817,2024-03-03,2023,Premier League,England,Manchester City,,,Manchester United,Not Started
818,2024-03-02,2023,Premier League,England,Newcastle,,,Wolves,Not Started
819,2024-03-02,2023,Premier League,England,Nottingham Forest,,,Liverpool,Not Started
820,2024-03-04,2023,Premier League,England,Sheffield Utd,,,Arsenal,Not Started
821,2024-03-02,2023,Premier League,England,Tottenham,,,Crystal Palace,Not Started
822,2024-03-09,2023,Premier League,England,Bournemouth,,,Sheffield Utd,Not Started
823,2024-03-09,2023,Premier League,England,Arsenal,,,Brentford,Not Started
824,2024-03-10,2023,Premier League,England,Aston Villa,,,Tottenham,Not Started
825,2024-03-10,2023,Premier League,England,Brighton,,,Nottingham Forest,Not Started
826,2024-03-11,2023,Premier League,England,Chelsea,,,Newcastle,Not Started
827,2024-03-09,2023,Premier League,England,Crystal Palace,,,Luton,Not Started
828,2024-03-10,2023,Premier League,England,Liverpool,,,Manchester City,Not Started
829,2024-03-09,2023,Premier League,England,Manchester United,,,Everton,Not Started
830,2024-03-10,2023,Premier League,England,West Ham,,,Burnley,Not Started
831,2024-03-09,2023,Premier League,England,Wolves,,,Fulham,Not Started
832,2024-03-16,2023,Premier League,England,Arsenal,,,Chelsea,Not Started
833,2024-03-17,2023,Premier League,England,Brighton,,,Manchester City,Not Started
834,2024-03-16,2023,Premier League,England,Burnley,,,Brentford,Not Started
835,2024-03-16,2023,Premier League,England,Crystal Palace,,,Newcastle,Not Started
836,2024-03-17,2023,Premier League,England,Everton,,,Liverpool,Not Started
837,2024-03-16,2023,Premier League,England,Fulham,,,Tottenham,Not Started
838,2024-03-16,2023,Premier League,England,Luton,,,Nottingham Forest,Not Started
839,2024-03-16,2023,Premier League,England,Manchester United,,,Sheffield Utd,Not Started
840,2024-03-17,2023,Premier League,England,West Ham,,,Aston Villa,Not Started
841,2024-03-16,2023,Premier League,England,Wolves,,,Bournemouth,Not Started
842,2024-03-30,2023,Premier League,England,Bournemouth,,,Everton,Not Started
843,2024-03-30,2023,Premier League,England,Aston Villa,,,Wolves,Not Started
844,2024-03-30,2023,Premier League,England,Brentford,,,Manchester United,Not Started
845,2024-03-30,2023,Premier League,England,Chelsea,,,Burnley,Not Started
846,2024-03-31,2023,Premier League,England,Liverpool,,,Brighton,Not Started
847,2024-03-31,2023,Premier League,England,Manchester City,,,Arsenal,Not Started
848,2024-03-30,2023,Premier League,England,Newcastle,,,West Ham,Not Started
849,2024-03-30,2023,Premier League,England,Nottingham Forest,,,Crystal Palace,Not Started
850,2024-03-30,2023,Premier League,England,Sheffield Utd,,,Fulham,Not Started
851,2024-03-30,2023,Premier League,England,Tottenham,,,Luton,Not Started
852,2024-04-02,2023,Premier League,England,Bournemouth,,,Crystal Palace,Not Started
853,2024-04-02,2023,Premier League,England,Arsenal,,,Luton,Not Started
854,2024-04-02,2023,Premier League,England,Brentford,,,Brighton,Not Started
855,2024-04-02,2023,Premier League,England,Burnley,,,Wolves,Not Started
856,2024-04-02,2023,Premier League,England,Nottingham Forest,,,Fulham,Not Started
857,2024-04-02,2023,Premier League,England,West Ham,,,Tottenham,Not Started
858,2024-04-03,2023,Premier League,England,Chelsea,,,Manchester United,Not Started
859,2024-04-03,2023,Premier League,England,Newcastle,,,Everton,Not Started
860,2024-04-03,2023,Premier League,England,Liverpool,,,Sheffield Utd,Not Started
861,2024-04-03,2023,Premier League,England,Manchester City,,,Aston Villa,Not Started
862,2024-04-06,2023,Premier League,England,Aston Villa,,,Brentford,Not Started
863,2024-04-06,2023,Premier League,England,Brighton,,,Arsenal,Not Started
864,2024-04-06,2023,Premier League,England,Crystal Palace,,,Manchester City,Not Started
865,2024-04-06,2023,Premier League,England,Everton,,,Burnley,Not Started
866,2024-04-06,2023,Premier League,England,Fulham,,,Newcastle,Not Started
867,2024-04-06,2023,Premier League,England,Luton,,,Bournemouth,Not Started
868,2024-04-06,2023,Premier League,England,Manchester United,,,Liverpool,Not Started
869,2024-04-06,2023,Premier League,England,Sheffield Utd,,,Chelsea,Not Started
870,2024-04-06,2023,Premier League,England,Tottenham,,,Nottingham Forest,Not Started
871,2024-04-06,2023,Premier League,England,Wolves,,,West Ham,Not Started
872,2024-04-13,2023,Premier League,England,Bournemouth,,,Manchester United,Not Started
873,2024-04-13,2023,Premier League,England,Arsenal,,,Aston Villa,Not Started
874,2024-04-13,2023,Premier League,England,Brentford,,,Sheffield Utd,Not Started
875,2024-04-13,2023,Premier League,England,Burnley,,,Brighton,Not Started
876,2024-04-13,2023,Premier League,England,Chelsea,,,Everton,Not Started
877,2024-04-13,2023,Premier League,England,Liverpool,,,Crystal Palace,Not Started
878,2024-04-13,2023,Premier League,England,Manchester City,,,Luton,Not Started
879,2024-04-13,2023,Premier League,England,Newcastle,,,Tottenham,Not Started
880,2024-04-13,2023,Premier League,England,Nottingham Forest,,,Wolves,Not Started
881,2024-04-13,2023,Premier League,England,West Ham,,,Fulham,Not Started
882,2024-04-20,2023,Premier League,England,Aston Villa,,,Bournemouth,Not Started
883,2024-04-20,2023,Premier League,England,Brighton,,,Chelsea,Not Started
884,2024-04-20,2023,Premier League,England,Crystal Palace,,,West Ham,Not Started
885,2024-04-20,2023,Premier League,England,Everton,,,Nottingham Forest,Not Started
886,2024-04-20,2023,Premier League,England,Fulham,,,Liverpool,Not Started
887,2024-04-20,2023,Premier League,England,Luton,,,Brentford,Not Started
888,2024-04-20,2023,Premier League,England,Manchester United,,,Newcastle,Not Started
889,2024-04-20,2023,Premier League,England,Sheffield Utd,,,Burnley,Not Started
890,2024-04-20,2023,Premier League,England,Tottenham,,,Manchester City,Not Started
891,2024-04-20,2023,Premier League,England,Wolves,,,Arsenal,Not Started
892,2024-04-27,2023,Premier League,England,Bournemouth,,,Brighton,Not Started
893,2024-04-27,2023,Premier League,England,Aston Villa,,,Chelsea,Not Started
894,2024-04-27,2023,Premier League,England,Everton,,,Brentford,Not Started
895,2024-04-27,2023,Premier League,England,Fulham,,,Crystal Palace,Not Started
896,2024-04-27,2023,Premier League,England,Manchester United,,,Burnley,Not Started
897,2024-04-27,2023,Premier League,England,Newcastle,,,Sheffield Utd,Not Started
898,2024-04-27,2023,Premier League,England,Nottingham Forest,,,Manchester City,Not Started
899,2024-04-27,2023,Premier League,England,Tottenham,,,Arsenal,Not Started
900,2024-04-27,2023,Premier League,England,West Ham,,,Liverpool,Not Started
901,2024-04-27,2023,Premier League,England,Wolves,,,Luton,Not Started
902,2024-05-04,2023,Premier League,England,Arsenal,,,Bournemouth,Not Started
903,2024-05-04,2023,Premier League,England,Brentford,,,Fulham,Not Started
904,2024-05-04,2023,Premier League,England,Brighton,,,Aston Villa,Not Started
905,2024-05-04,2023,Premier League,England,Burnley,,,Newcastle,Not Started
906,2024-05-04,2023,Premier League,England,Chelsea,,,West Ham,Not Started
907,2024-05-04,2023,Premier League,England,Crystal Palace,,,Manchester United,Not Started
908,2024-05-04,2023,Premier League,England,Liverpool,,,Tottenham,Not Started
909,2024-05-04,2023,Premier League,England,Luton,,,Everton,Not Started
910,2024-05-04,2023,Premier League,England,Manchester City,,,Wolves,Not Started
911,2024-05-04,2023,Premier League,England,Sheffield Utd,,,Nottingham Forest,Not Started
912,2024-05-11,2023,Premier League,England,Bournemouth,,,Brentford,Not Started
913,2024-05-11,2023,Premier League,England,Aston Villa,,,Liverpool,Not Started
914,2024-05-11,2023,Premier League,England,Everton,,,Sheffield Utd,Not Started
915,2024-05-11,2023,Premier League,England,Fulham,,,Manchester City,Not Started
916,2024-05-11,2023,Premier League,England,Manchester United,,,Arsenal,Not Started
917,2024-05-11,2023,Premier League,England,Newcastle,,,Brighton,Not Started
918,2024-05-11,2023,Premier League,England,Nottingham Forest,,,Chelsea,Not Started
919,2024-05-11,2023,Premier League,England,Tottenham,,,Burnley,Not Started
920,2024-05-11,2023,Premier League,England,West Ham,,,Luton,Not Started
921,2024-05-11,2023,Premier League,England,Wolves,,,Crystal Palace,Not Started
922,2024-05-19,2023,Premier League,England,Arsenal,,,Everton,Not Started
923,2024-05-19,2023,Premier League,England,Brentford,,,Newcastle,Not Started
924,2024-05-19,2023,Premier League,England,Brighton,,,Manchester United,Not Started
925,2024-05-19,2023,Premier League,England,Burnley,,,Nottingham Forest,Not Started
926,2024-05-19,2023,Premier League,England,Chelsea,,,Bournemouth,Not Started
927,2024-05-19,2023,Premier League,England,Crystal Palace,,,Aston Villa,Not Started
928,2024-05-19,2023,Premier League,England,Liverpool,,,Wolves,Not Started
929,2024-05-19,2023,Premier League,England,Luton,,,Fulham,Not Started
930,2024-05-19,2023,Premier League,England,Manchester City,,,West Ham,Not Started
931,2024-05-19,2023,Premier League,England,Sheffield Utd,,,Tottenham,Not Started
